Date,Close,Volume,Open,High,Low
03/25/2022,52.56,19137750,51.47,52.59,51.41
03/24/2022,51.33,19677770,51.71,51.815,50.905
03/23/2022,51.12,27988680,52.76,53.05,51.095
03/22/2022,53.39,28625570,52.41,54.2,52.3
03/21/2022,51.14,23411540,51.66,51.8001,50.6099
03/18/2022,51.42,60963400,50.85,51.54,50.035
03/17/2022,51.48,29930250,51.02,51.49,50.225
03/16/2022,51.6,34672820,51.05,52.215,50.725
03/15/2022,50.11,25080550,50.16,50.63,49.33
03/14/2022,49.86,28166600,49.66,50.3771,49.295
03/11/2022,48.47,23707060,49.67,50,48.43
03/10/2022,49.01,26178780,48.26,49.57,47.85
03/09/2022,49.16,34560190,48.79,49.75,48.35
03/08/2022,46.46,60018110,46.68,48.2,46.35
03/07/2022,45.81,56332480,48.58,48.58,45.77
03/04/2022,48.79,35895280,50.04,50.0582,48.175
03/03/2022,51.24,24159710,52.35,52.56,50.94
03/02/2022,52.22,34894300,51.32,52.815,51
03/01/2022,50.29,54135520,52.435,52.72,50.01
02/28/2022,53.37,31094790,52.63,53.4,52.21
02/25/2022,54.11,27493470,53.17,54.44,53.09
02/24/2022,52.71,40917570,51.76,52.83,50.675
02/23/2022,53.95,21860660,55.85,56.02,53.7599
02/22/2022,55.28,26887770,55.57,56.12,54.697
02/18/2022,55.63,22137850,56.15,56.72,55.37
02/17/2022,56.15,24946480,57.15,57.53,55.755
02/16/2022,58.14,22057180,57.91,58.88,57.55
02/15/2022,58.38,18230310,59.12,59.315,58.09
02/14/2022,57.85,32680510,58.51,58.65,57.18
02/11/2022,58.31,38650500,58.52,60.24,57.91
02/10/2022,59.05,36092030,59.55,60.3,58.8
02/09/2022,59.06,25883080,58.7,59.38,58.34
02/08/2022,58.75,39099620,58,58.9827,57.8
02/07/2022,57.33,37480070,56.41,57.885,55.91
02/04/2022,56.33,33622140,56.04,57.04,55.47
02/03/2022,55.17,25227380,55.84,56.285,54.725
02/02/2022,55.93,29037130,55.27,56.05,54.96
02/01/2022,55.6,35870230,54.72,55.805,53.99
01/31/2022,53.8,34657460,53.82,54.0504,53.03
01/28/2022,54.19,35519700,53.61,54.22,52.77
01/27/2022,53.76,34218490,54.6,55.505,53.23
01/26/2022,54.14,39687070,53.91,54.92,53.43
01/25/2022,53.59,40858670,52.67,53.73,51.55
01/24/2022,53.32,48559390,52.73,53.49,51.18
01/21/2022,53.67,38357590,54.5,55,53.13
01/20/2022,55,26972810,55.72,56.38,54.91
01/19/2022,55.57,34970170,57.11,57.675,55.47
01/18/2022,56.69,41696460,57.715,58.11,56.505
01/14/2022,58.06,56739620,56.85,58.87,56.39
01/13/2022,56,34037310,56.6,57.18,55.76
01/12/2022,56.4,34159380,56.41,56.705,55.76
01/11/2022,56.06,25073740,55.56,56.13,55.23
01/10/2022,55.35,34733480,55.5,56.0573,54.48
01/07/2022,54.77,35149260,53.86,55.19,53.8
01/06/2022,53.63,29720780,53.15,53.67,52.66
01/05/2022,52.29,35072560,52.92,53.14,51.995
01/04/2022,52.75,43855110,51.58,53.145,51.52
01/03/2022,50.73,38987830,48.93,50.81,48.915
12/31/2021,47.98,12649300,48.03,48.36,47.84
12/30/2021,48.1,13701310,48.49,48.905,48.04
12/29/2021,48.45,14390710,48.6,48.855,48.37
12/28/2021,48.42,14326460,48.56,49.191,48.36
12/27/2021,48.77,11900420,48.55,48.815,48.08
12/23/2021,48.36,16025620,48.4,48.93,48.22
12/22/2021,48.03,15688030,47.74,48.315,47.62
12/21/2021,47.81,21249440,47.59,48.14,47.34
12/20/2021,46.85,29134900,47.06,47.17,46.25
12/17/2021,47.95,74918980,49.7,49.73,47.87
12/16/2021,50.3,32781050,49.72,50.815,49.3126
12/15/2021,48.94,20284290,49.02,49.27,48.13
12/14/2021,48.89,17602890,48.61,49.49,48.6
12/13/2021,48.56,19598930,49.9,49.96,48.43
12/10/2021,50.2,20040920,50.29,50.6,49.58
12/09/2021,49.69,16927160,49.02,50.03,48.74
12/08/2021,49.41,19990330,50.18,50.31,49.315
12/07/2021,50.25,28370160,49.46,50.515,49.34
12/06/2021,48.81,31650110,48.98,49.9,48.71
12/03/2021,47.75,29221910,49.26,49.26,47.37
12/02/2021,48.91,29184930,47.73,49.4,47.51
12/01/2021,47.21,29374140,48.69,49.45,47.18
11/30/2021,47.78,40671740,48.11,48.51,47.315
11/29/2021,49.16,27677040,49.665,49.77,48.3128
11/26/2021,48.43,29919280,49.1,49.1,47.69
11/24/2021,51.31,18901910,51.51,51.74,51.18
11/23/2021,51.4,28026370,50.71,51.74,50.7
11/22/2021,50.34,28555880,50.63,51.11,49.73
11/19/2021,48.82,30549680,49,49.2374,47.77
11/18/2021,49.9,19199350,49.63,50.18,49.27
11/17/2021,49.84,17802700,50.42,50.69,49.53
11/16/2021,50.37,19244870,51.11,51.18,50.17
11/15/2021,51.08,20110200,51.19,51.695,50.975
11/12/2021,50.96,17124730,50.68,51,50.37
11/11/2021,50.59,16069700,50.42,50.91,50.22
11/10/2021,50.36,19827760,49.74,50.7665,49.68
11/09/2021,49.89,28324750,50.495,50.56,49.21
11/08/2021,50.87,19509510,50.55,51.37,50.55
11/05/2021,50.44,23443240,51,51.605,50.4
11/04/2021,50.62,32005730,51.55,51.7,49.905
11/03/2021,52,24225730,51.04,52.565,51.02
11/02/2021,51.3,21672480,51.54,51.715,51.22
11/01/2021,51.71,18699050,51.56,52,51.27
10/29/2021,51.16,19788550,51.25,51.64,51.02
10/28/2021,51.36,26785490,50.38,51.4,50.35
10/27/2021,50.05,21988270,50.26,50.99,49.95
10/26/2021,50.63,18196320,50.725,51.1,50.36
10/25/2021,50.62,19330320,50.89,51.1202,50.515
10/22/2021,50.66,21517190,50.54,51.115,50.49
10/21/2021,50.33,20448350,49.95,50.6,49.755
10/20/2021,50.16,24227930,50.19,50.39,49.71
10/19/2021,50.34,26500340,49.64,50.35,49.28
10/18/2021,49.43,33842720,48.19,49.71,48.14
10/15/2021,48.38,60096550,45.72,48.74,45.71
10/14/2021,45.31,53257730,46.675,46.89,44.83
10/13/2021,46.05,24150340,46.57,46.57,45.22
10/12/2021,46.65,18995680,47.29,47.53,46.515
10/11/2021,47.28,15387860,48.2,48.46,47.22
10/08/2021,48,14295440,47.87,48.34,47.655
10/07/2021,47.76,19272290,48.26,48.59,47.54
10/06/2021,47.87,17425670,47.58,48.085,47.06
10/05/2021,47.96,20250450,47.5,48.45,47.35
10/04/2021,47.02,22315160,47.02,47.69,46.67
10/01/2021,47.02,18021690,46.55,47.31,46.49
09/30/2021,46.41,22947460,47.14,47.15,46.12
09/29/2021,47.03,21730190,46.45,47.15,45.93
09/28/2021,45.92,49349110,47.01,47.03,45.065
09/27/2021,47.56,48927460,48.38,48.94,46.16
09/24/2021,47.92,20384670,47.78,48.57,47.73
09/23/2021,47.8,21852830,47.46,48.17,47.155
09/22/2021,47.08,29430710,46.49,47.685,46.47
09/21/2021,45.85,23049150,45.975,46.355,45.7301
09/20/2021,45.81,30603110,45.03,45.87,44.84
09/17/2021,46.47,35634050,45.74,46.685,45.74
09/16/2021,46.28,24102390,46.9,47.27,46.005
09/15/2021,46.64,31535650,45.87,46.89,45.85
09/14/2021,46.05,36053220,46.02,46.94,45.755
09/13/2021,45.76,28027250,44.555,45.81,44.555
09/10/2021,44.33,23367390,45,45.25,44.185
09/09/2021,44.36,19776860,43.85,44.715,43.76
09/08/2021,43.82,21252450,44.12,44.54,43.63
09/07/2021,44.31,19740340,44.32,44.96,44.25
09/03/2021,44.17,21715840,44.49,44.5,43.82
09/02/2021,44.57,37650010,43.68,44.875,43.54
09/01/2021,43.45,84960540,45.7,45.97,43.27
08/31/2021,45.7,73514280,48.41,48.99,45.21
08/30/2021,48.41,16054070,49.76,49.81,48.35
08/27/2021,49.81,16873290,49.22,49.85,49.12
08/26/2021,49.05,21627630,49.53,49.87,48.89
08/25/2021,49.29,21357380,48.62,49.62,48.47
08/24/2021,48.36,15109050,47.75,48.37,47.7058
08/23/2021,47.61,15551920,47.75,47.99,47.445
08/20/2021,47.42,15357370,47.13,47.445,46.84
08/19/2021,47.25,20259390,47.35,47.953,46.83
08/18/2021,47.97,16319280,48.36,48.975,47.9
08/17/2021,48.71,16887020,48.88,49.3672,48.025
08/16/2021,49.41,22618930,49.93,49.98,48.94
08/13/2021,50.37,15843270,51.21,51.41,50.175
08/12/2021,51.15,21737920,50.76,51.25,50.56
08/11/2021,50.66,29203920,49.63,50.73,49.17
08/10/2021,49.63,28708130,48.73,49.69,48.685
08/09/2021,48.65,29795180,48.66,49.34,48.29
08/06/2021,48.77,33583900,47.5,48.99,47.45
08/05/2021,46.99,28092590,46.05,47,46.01
08/04/2021,46.15,22177990,46.27,46.97,46.04
08/03/2021,46.83,24050330,45.98,46.935,45.11
08/02/2021,45.79,23960720,46.04,46.81,45.57
07/30/2021,45.94,25794020,46.26,46.8529,45.725
07/29/2021,46.5,24487390,45.89,46.71,45.68
07/28/2021,45.51,23252790,45.38,46.035,44.98
07/27/2021,45.14,22124510,44.59,45.3799,44.27
07/26/2021,45.01,22976700,44.47,45.2381,44.47
07/23/2021,44.59,23946480,45.1,45.51,44.42
07/22/2021,45.03,23309500,45.84,45.945,44.8
07/21/2021,45.8,29654630,45.29,46.145,45.21
07/20/2021,44.84,34556160,43,45.15,42.87
07/19/2021,43.05,43362220,42.71,43.3,42.29
07/16/2021,44.28,27838160,45.41,45.53,44.105
07/15/2021,45,33388140,44.59,45.39,44.37
07/14/2021,44.95,49618020,43.6,45.13,42.51
07/13/2021,43.23,25387820,43.79,44.13,43.01
07/12/2021,44.16,17618920,43.28,44.25,42.955
07/09/2021,43.91,25055930,43.18,44.11,42.85
07/08/2021,42.32,29148740,42.58,42.95,41.97
07/07/2021,43.4,21883950,43.28,43.965,43.12
07/06/2021,43.49,25486860,44.73,44.82,43.3
07/02/2021,45.07,13221610,45.3,45.41,44.84
07/01/2021,45.41,18658010,45.48,45.64,44.97
06/30/2021,45.29,18168080,44.62,45.385,44.45
06/29/2021,44.79,39534030,46.04,46.38,44.6
06/28/2021,45.79,27127540,46,46.07,45.09
06/25/2021,46.38,49074750,45.57,46.65,45.22
06/24/2021,45.18,27951010,44.26,45.42,44.21
06/23/2021,43.96,18778500,43.5,44.31,43.5
06/22/2021,43.54,26455220,43.41,43.871,42.855
06/21/2021,43.28,26444700,42.295,43.31,42.23
06/18/2021,41.75,61292240,41.68,42.31,41.47
06/17/2021,42.79,48910370,45.79,45.96,42.655
06/16/2021,45.57,38287680,44.95,45.96,44.32
06/15/2021,45.46,23865420,45.2,45.72,44.995
06/14/2021,45.15,25452270,45.61,45.88,44.8399
06/11/2021,45.68,19389340,45.18,45.69,45.18
06/10/2021,45.09,21640010,46.47,46.65,45.013
06/09/2021,45.92,22617510,46.24,46.34,45.631
06/08/2021,46.61,21271670,46.74,47.01,46.3032
06/07/2021,47.11,16644280,47.1,47.18,46.775
06/04/2021,46.96,18190340,47.06,47.1,46.51
06/03/2021,46.46,20206430,46.69,47,46.35
06/02/2021,46.81,18492640,47.38,47.46,46.58
06/01/2021,47.26,17878630,47.16,47.41,46.79
05/28/2021,46.72,15762250,46.85,46.88,46.28
05/27/2021,46.76,42572890,46.99,47.38,46.31
05/26/2021,46.4,26170630,46.11,46.595,45.6
05/25/2021,46.09,29415310,46.39,47.02,46.035
05/24/2021,46.24,25707430,46,46.51,45.755
05/21/2021,45.88,27312660,45.97,46.3,45.776
05/20/2021,45.73,26106960,46.07,46.1808,45.27
05/19/2021,46.17,28911120,45.94,46.32,45.365
05/18/2021,46.86,24125960,47.9,48.13,46.83
05/17/2021,47.9,25147400,46.92,47.98,46.8
05/14/2021,46.96,17078540,46.6,47.11,46.47
05/13/2021,46.4,23556160,45.49,46.79,45.31
05/12/2021,45.64,33392860,46.83,47.16,45.475
05/11/2021,45.72,31478530,46.02,46.8829,45.51
05/10/2021,46.6,28193070,46.84,47.35,46.59
05/07/2021,46.54,25140360,45.93,46.62,45.55
05/06/2021,46.63,34271520,46.11,46.69,45.7
05/05/2021,45.94,13142960,45.93,46.2,45.47
05/04/2021,45.74,26137590,45.26,45.835,44.67
05/03/2021,45.48,16522710,45.45,45.65,45.07
04/30/2021,45.05,34176550,45.8,46.015,44.86
04/29/2021,46.24,26880720,45.62,46.39,45.52
04/28/2021,45.08,20795100,45.15,45.665,44.93
04/27/2021,45.09,29130250,44.39,45.22,44.2
04/26/2021,44.14,24606570,44.13,44.68,43.99
04/23/2021,43.86,28031470,42.71,44.18,42.63
04/22/2021,42.7,24638340,43.26,43.52,42.68
04/21/2021,43.24,27258020,42.24,43.355,41.765
04/20/2021,42.54,29734020,43.4,43.4,42.35
04/19/2021,43.88,39124190,43.61,44.4,43.38
04/16/2021,43.84,57060180,42.67,44.13,42.58
04/15/2021,42.24,44146310,42.1,42.26,41.03
04/14/2021,41.99,64926940,39.7,42.1799,39.06
04/13/2021,39.79,29333230,40.5,40.51,39.7
04/12/2021,40.77,21093010,40.46,40.89,40.4
04/09/2021,40.5,28363570,40.34,40.79,40.25
04/08/2021,40.03,20845030,39.87,40.2,39.33
04/07/2021,39.99,19393220,39.84,40.09,39.63
04/06/2021,39.85,20969590,39.42,39.9,39.255
04/05/2021,39.48,21293400,40.03,40.33,39.32
04/01/2021,39.63,22706930,38.96,39.65,38.92
03/31/2021,39.07,25832770,39.27,39.63,38.92
03/30/2021,39.39,36134170,38.54,40.08,38.47
03/29/2021,38.44,38426860,38.58,39.355,37.9
03/26/2021,39.76,29156070,39.9,40.23,39.17
03/25/2021,39.3,28773000,37.97,39.36,37.78
03/24/2021,38.12,24201720,38.36,39.02,38.11
03/23/2021,38.24,32494370,38.5,39.0466,38.05
03/22/2021,38.97,32206040,39.28,39.31,38.62
03/19/2021,39.63,60291840,39.94,40.065,39.22
03/18/2021,40.81,57420560,40.15,41.54,40.15
03/17/2021,39.84,33537040,39.68,40.435,39.205
03/16/2021,39.35,24668310,39.37,39.49,38.72
03/15/2021,39.7,25902220,40.07,40.23,39.17
03/12/2021,39.97,28754040,39.5,40.02,39.42
03/11/2021,38.88,30598730,39.22,39.59,38.61
03/10/2021,39.58,38437220,38.68,39.7,38.28
03/09/2021,38.13,35854110,38.17,38.8,37.48
03/08/2021,38.67,38255220,38.13,38.875,37.7699
03/05/2021,37.43,34558290,37.87,38.12,36.34
03/04/2021,37.16,42932480,37.62,38,36.36
03/03/2021,37.69,35365100,37.35,38.66,37.35
03/02/2021,37.14,19701160,37.15,37.45,36.99
03/01/2021,37.09,28066090,37.11,37.42,36.74
02/26/2021,36.17,39467960,37.1,37.41,35.93
02/25/2021,37.56,37233060,38.68,38.68,37.3
02/24/2021,38.29,42764310,37.24,38.34,37.14
02/23/2021,37.14,36792510,37.59,37.77,36.605
02/22/2021,37.26,34689970,37.675,37.925,37.1
02/19/2021,37.83,39022960,37.13,37.85,37.03
02/18/2021,36.96,43334710,36.44,37.357,36.18
02/17/2021,36.59,80326750,34.34,37.45,34.025
02/16/2021,34.79,36468250,34.07,34.93,34
02/12/2021,33.53,34473050,32.65,33.6201,32.65
02/11/2021,32.72,22393220,33.2,33.34,32.37
02/10/2021,33.2,22687030,33.48,33.69,33.09
02/09/2021,33.26,23539760,33.21,33.405,32.91
02/08/2021,33.4,29223800,32.78,33.57,30.77
02/05/2021,32.56,24908130,33,33.185,32.51
02/04/2021,32.66,30825420,31.865,32.85,31.8
02/03/2021,31.7,28507780,30.72,31.77,30.61
02/02/2021,30.75,25302880,30.46,31.19,30.38
02/01/2021,29.99,23713450,30.14,30.22,29.68
01/29/2021,29.88,39500820,30.77,31.19,29.82
01/28/2021,30.81,28770180,30.525,31.05,30.31
01/27/2021,30.17,45074950,30.92,31.03,29.92
01/26/2021,31.38,28026460,32.49,32.53,31.36
01/25/2021,32.24,28515510,31.88,32.35,31.615
01/22/2021,31.9,24476090,31.34,32.06,31.15
01/21/2021,32,28276010,32.32,32.43,31.92
01/20/2021,32.46,29949850,32.78,32.83,32.3
01/19/2021,32.63,43806830,32.41,33.04,32.28
01/15/2021,32.04,91993100,33.08,33.5,31.82
01/14/2021,34.75,55856900,34.07,35.1,34.01
01/13/2021,33.8,35734810,33.82,34.26,33.63
01/12/2021,33.94,59146430,34,34.52,33.66
01/11/2021,33.24,33798500,32.64,33.56,32.32
01/08/2021,33.19,32324740,33.61,33.65,32.67
01/07/2021,33.43,50634120,33.58,34.2,33.32
01/06/2021,32.69,73507550,31.9,33,31.79
01/05/2021,30.53,37360010,30.09,30.95,29.82
01/04/2021,29.7,31421560,30.32,30.435,29.4002
12/31/2020,30.18,21081200,29.75,30.235,29.67
12/30/2020,29.75,18519310,29.8,30.04,29.65
12/29/2020,29.78,19584420,30.15,30.17,29.75
12/28/2020,29.93,21658500,30.08,30.48,29.905
12/24/2020,29.84,14443730,30.29,30.38,29.66
12/23/2020,30.35,38383670,29.28,30.49,29.27
12/22/2020,28.96,25705220,29.65,29.72,28.945
12/21/2020,29.55,52731620,29.57,29.89,28.8414
12/18/2020,29.01,53716400,29.47,29.6197,28.8
12/17/2020,29.47,42870470,29.8,29.9,29.435
12/16/2020,29.65,35204820,29.64,29.905,29.48
12/15/2020,29.73,38888860,29.13,29.77,28.9
12/14/2020,28.64,28378020,29.54,29.775,28.5131
12/11/2020,29.08,29779110,29.02,29.39,28.67
12/10/2020,29.49,31730190,28.72,29.56,28.54
12/09/2020,29.05,35276010,29.24,29.24,28.61
12/08/2020,28.94,32209490,29.03,29.3,28.4
12/07/2020,29.34,31712960,29.42,29.6286,29.07
12/04/2020,29.55,47168820,29.5,29.97,29.34
12/03/2020,29.16,41264620,28.94,29.49,28.79
12/02/2020,28.87,35507960,27.99,28.99,27.845
12/01/2020,28.06,42001850,28.15,28.68,28.04
11/30/2020,27.35,48210960,28.43,28.56,27.28
11/27/2020,28.46,20281440,28.59,28.63,28.18
11/25/2020,28.59,38875520,28.33,28.69,28
11/24/2020,28.61,80523350,27.46,28.73,27.3403
11/23/2020,26.3,40691370,25.95,26.44,25.87
11/20/2020,25.48,38469060,26.04,26.23,25.46
11/19/2020,26.16,44559960,25.19,26.22,24.971
11/18/2020,25.06,44318290,25.15,25.95,25.06
11/17/2020,25.04,29490360,24.53,25.15,24.52
11/16/2020,24.9,36954810,24.99,25.03,24.39
11/13/2020,24.07,30095950,23.91,24.18,23.73
11/12/2020,23.81,34541930,23.91,24.145,23.56
11/11/2020,24.19,38309200,24.23,24.54,24.005
11/10/2020,24.19,49029150,24.36,24.37,23.8645
11/09/2020,24.22,102118900,24.03,24.8671,23.3
11/06/2020,21.91,29502890,22.5,22.57,21.84
11/05/2020,22.33,38319690,21.89,22.5699,21.86
11/04/2020,21.88,47203200,21.75,22.56,21.17
11/03/2020,22.09,38427020,22.31,22.5,21.99
11/02/2020,21.9,38401200,21.7,21.98,21.19
10/30/2020,21.45,34608760,21.1,21.46,20.84
10/29/2020,21.14,46183950,21.05,21.38,20.76
10/28/2020,21.18,54835940,21.23,21.48,20.8
10/27/2020,21.82,49636450,22.61,22.61,21.815
10/26/2020,22.7,34034100,22.97,23.02,22.6
10/23/2020,23.28,24558350,23.58,23.59,23.115
10/22/2020,23.25,32238260,22.66,23.32,22.61
10/21/2020,22.7,29528300,22.82,22.95,22.6
10/20/2020,22.81,34751210,22.73,23.13,22.69
10/19/2020,22.54,37423640,22.89,22.905,22.51
10/16/2020,22.86,43141250,23.01,23.23,22.61
10/15/2020,22.95,60328590,23.06,23.09,22.75
10/14/2020,23.25,75497820,24.27,24.43,23.23
10/13/2020,24.74,29939590,25.42,25.5,24.7
10/12/2020,25.68,25855590,25.2,25.74,25.15
10/09/2020,25.3,28211320,25.39,25.51,25.01
10/08/2020,25.3,26483450,24.88,25.325,24.67
10/07/2020,24.81,34647280,24.42,24.93,24.39
10/06/2020,24.18,30991250,24.68,25,24.0402
10/05/2020,24.45,22607530,24.22,24.6,24.22
10/02/2020,23.99,26238580,23.15,24.09,23.08
10/01/2020,23.56,38879810,23.57,23.81,23.16
09/30/2020,23.51,43071540,23.36,23.87,23.25
09/29/2020,23.26,38448040,23.72,23.72,23.07
09/28/2020,23.82,41103530,23.99,24.27,23.76
09/25/2020,23.64,30229940,23.12,23.71,23.01
09/24/2020,23.32,43329110,22.96,23.72,22.555
09/23/2020,22.83,45697670,23.78,24.13,22.83
09/22/2020,23.65,39839450,23.98,24.36,23.53
09/21/2020,24.04,56188350,24.45,24.521,23.72
09/18/2020,25.13,115153200,24.94,25.4,24.9
09/17/2020,25.11,51531350,25.23,25.425,24.9
09/16/2020,25.71,51783220,24.87,26,24.75
09/15/2020,24.88,41954780,24.96,25.04,24.56
09/14/2020,24.81,49787140,24.38,24.97,24.23
09/11/2020,24.27,34861090,23.92,24.32,23.71
09/10/2020,23.95,54211680,24.03,24.67,23.86
09/09/2020,23.84,49427910,24.01,24.07,23.7
09/08/2020,23.97,49082910,24.28,24.55,23.735
09/04/2020,24.79,48745000,25,25.19,24.25
09/03/2020,24.52,42349260,24.8,25.36,24.3
09/02/2020,24.57,40334000,24.01,24.66,23.93
09/01/2020,24.05,30541870,24.02,24.335,23.74
08/31/2020,24.15,27615500,24.49,24.5118,24.09
08/28/2020,24.69,25797330,24.75,24.77,24.3453
08/27/2020,24.59,36706590,23.99,24.78,23.97
08/26/2020,24.04,28348210,24.51,24.58,24.04
08/25/2020,24.61,35077310,24.74,24.89,24.3
08/24/2020,24.49,36906690,23.8,24.51,23.61
08/21/2020,23.64,27198000,23.64,23.91,23.52
08/20/2020,23.75,36022140,23.74,23.94,23.6
08/19/2020,24.07,33667840,24.01,24.39,23.84
08/18/2020,24.04,29680690,24.42,24.45,24.01
08/17/2020,24.47,36661700,25.03,25.14,24.44
08/14/2020,25.3,26743370,24.79,25.49,24.6355
08/13/2020,25.02,27387850,24.95,25.23,24.68
08/12/2020,25.19,42898640,25.98,26.14,24.72
08/11/2020,25.32,55000140,25.29,26.14,25.2
08/10/2020,24.7,50602640,25.22,25.48,24.2201
08/07/2020,25.07,46272400,24.13,25.22,24
08/06/2020,24.24,44670290,24.2,24.5,24.12
08/05/2020,24.4,33157290,24.4,24.75,24.34
08/04/2020,24.22,28106900,24.2,24.29,24.03
08/03/2020,24.29,27863660,24.25,24.5,23.9
07/31/2020,24.26,45570810,24.5,24.66,24.08
07/30/2020,24.65,51019210,25.19,25.24,24.5
07/29/2020,25.78,31442060,25.45,25.82,25
07/28/2020,25.53,30505210,25.33,25.7,25.33
07/27/2020,25.49,34761050,26.02,26.02,25.25
07/24/2020,26.26,39357030,26.47,26.85,26.2
07/23/2020,26.35,50790950,26.16,26.51,25.7
07/22/2020,26.26,41030490,26.13,26.35,25.82
07/21/2020,26.2,58455310,24.75,26.28,24.71
07/20/2020,24.57,38682160,24.72,24.88,24.4
07/17/2020,24.95,39642340,25.49,25.64,24.86
07/16/2020,25.46,48676820,24.91,26.09,24.82
07/15/2020,25.35,61714260,24.98,25.545,24.84
07/14/2020,24.25,118952600,23.92,24.39,23.33
07/13/2020,25.41,51038750,25.82,26.04,24.94
07/10/2020,25.47,56483330,24.18,25.53,24.15
07/09/2020,24.04,38118870,24.5,24.78,23.71
07/08/2020,24.55,38413380,24.44,24.78,24.07
07/07/2020,24.46,36920550,25.2,25.22,24.34
07/06/2020,25.49,46983100,25.82,26.02,24.98
07/02/2020,25.34,37013340,25.75,26.17,25.1
07/01/2020,25.09,37509320,25.73,25.955,24.93
06/30/2020,25.6,46609950,25.21,25.869,25.17
06/29/2020,25.7,43769200,25.59,25.9,25.26
06/26/2020,25.34,81172270,26.1,26.4,25.25
06/25/2020,27.37,45102200,25.96,27.41,25.89
06/24/2020,26.12,57380900,26.96,27.03,25.99
06/23/2020,27.23,47279120,27.78,28.29,27.19
06/22/2020,27.35,32808330,27.27,27.625,26.89
06/19/2020,27.6,71891220,28,28.05,27.01
06/18/2020,27.55,33670190,27.1,27.925,26.93
06/17/2020,27.45,38660810,28.5,28.55,27.35
06/16/2020,28.52,52985590,29.43,29.65,27.77
06/15/2020,28.21,48311410,26.86,28.385,26.56
06/12/2020,27.97,51301220,28,28.23,27.35
06/11/2020,26.79,75621260,27.2,28.425,26.7
06/10/2020,29.71,82089970,32.3,32.33,29.65
06/09/2020,32.63,51480390,32.44,33.08,31.51
06/08/2020,33.32,69051350,32.9,33.43,32.265
06/05/2020,31.67,107651200,33.89,33.89,31.46
06/04/2020,30.22,61839220,29.48,30.25,28.64
06/03/2020,28.83,50813950,28.39,29.19,28.34
06/02/2020,27.4,39057980,27.58,27.99,27.16
06/01/2020,27.09,34258100,26.61,27.59,26.37
05/29/2020,26.47,51382840,26.5,27.07,26.09
05/28/2020,27.22,51606630,28.32,28.37,27.12
05/27/2020,27.95,61962970,27.8,28.26,26.835
05/26/2020,26.26,57720310,25.05,26.51,25.04
05/22/2020,24.17,30415300,24.44,24.49,23.92
05/21/2020,24.46,28376530,24.39,24.85,24.3201
05/20/2020,24.52,45297080,24.49,24.74,24.36
05/19/2020,23.95,48234340,25,25.15,23.92
05/18/2020,25.41,55751420,24.55,25.59,24.34
05/15/2020,23.36,51616660,23.69,23.83,23.08
05/14/2020,24.06,87965500,22.13,24.59,22.02
05/13/2020,22.53,90209920,23.95,23.95,22
05/12/2020,24.04,53560500,24.96,25.265,24
05/11/2020,24.78,51444170,25.11,25.23,24.6
05/08/2020,25.43,53768810,25.64,25.78,25.23
05/07/2020,25.23,52386990,25.59,26.1,25.14
05/06/2020,25.61,57732880,26.46,26.65,25.4
05/05/2020,26.32,56753390,27.52,27.8,26.25
05/04/2020,27.35,34343890,26.96,27.45,26.6
05/01/2020,27.59,35197570,28.5,28.53,27.28
04/30/2020,29.05,29506090,29.32,29.61,28.6
04/29/2020,30,38515170,30.1,30.46,29.65
04/28/2020,28.87,35188020,29.6,29.92,28.59
04/27/2020,28.41,39606130,27.37,28.5774,27.16
04/24/2020,26.92,35172740,26.8,27.29,26.37
04/23/2020,26.53,38331520,26.95,27.21,26.42
04/22/2020,26.8,28078440,27.5,27.5783,26.7
04/21/2020,26.84,41918730,26.9,27.25,26.5
04/20/2020,27.68,45441600,27.325,28.89,26.92
04/17/2020,28.38,46984950,28.15,28.78,27.8
04/16/2020,26.89,52962100,28.28,28.28,26.66
04/15/2020,28.44,41883870,28.77,29.11,28.22
04/14/2020,30.18,64267050,32.11,32.5,29.56
04/13/2020,31.43,36068900,33.22,33.24,31.41
04/09/2020,33.2,62520570,31.12,33.91,31.1
04/08/2020,30.28,42213700,29.34,30.475,28.68
04/07/2020,28.77,39229880,30.75,30.78,28.71
04/06/2020,28.63,36056070,27.41,28.83,27.4
04/03/2020,26.23,32735750,27,27.36,25.91
04/02/2020,27.22,33113520,26.47,27.53,26.38
04/01/2020,26.57,48497410,27.02,27.37,26.2
03/31/2020,28.7,36920280,29.41,29.75,28.16
03/30/2020,29.92,41232840,30.36,30.48,28.89
03/27/2020,30.28,38942840,30.02,31.29,29.08
03/26/2020,30.9,45522930,29.33,31.39,29.08
03/25/2020,28.97,53341080,29,30.2966,27.77
03/24/2020,28.92,48630320,26.96,29.17,26.33
03/23/2020,25.25,47064130,26.26,26.87,25.105
03/20/2020,26.5,73915800,28.68,28.75,26.18
03/19/2020,28.29,53123500,27.66,29.11,26.2875
03/18/2020,28.12,51904080,27.7,28.89,26.9
03/17/2020,29.63,58112780,27.63,30.62,25.89
03/16/2020,26.5,57466710,26.34,29.23,26.3
03/13/2020,30.89,78365670,30.15,31.755,27.77
03/12/2020,27.2,68447630,29.81,30.86,27.12
03/11/2020,32.33,44784160,34.05,34.27,32.01
03/10/2020,35.08,40078710,34.63,35.08,32.28
03/09/2020,32.48,53277150,33.72,34.475,32.22
03/06/2020,37.09,56766460,37,37.68,36.325
03/05/2020,38.9,45037860,40,40.01,38.57
03/04/2020,41.4,33881480,41.01,41.43,39.96
03/03/2020,40.53,45091020,42.06,42.9,40.03
03/02/2020,42.26,44231230,40.98,42.28,39.455
02/28/2020,40.85,71710070,41.31,41.87,39.75
02/27/2020,42.47,41180050,43.32,44.3155,42.43
02/26/2020,44.14,27437440,45.48,45.65,44.13
02/25/2020,45.12,31110110,46.29,46.67,44.96
02/24/2020,46.39,23075930,46.58,46.95,46.26
02/21/2020,47.7,21729110,47.48,47.85,47.1
02/20/2020,47.34,15965490,47,47.41,46.68
02/19/2020,47.09,15602520,47.25,47.35,46.98
02/18/2020,46.99,22427840,47.97,48.12,46.53
02/14/2020,48.22,15526370,48.14,48.315,47.75
02/13/2020,48.12,12529960,47.62,48.175,47.55
02/12/2020,47.79,16668130,48.22,48.49,47.76
02/11/2020,47.99,13686080,48.08,48.34,47.9422
02/10/2020,47.77,18124750,47.67,47.86,47.42
02/07/2020,47.84,13174650,47.73,48,47.475
02/06/2020,47.98,18259190,48.44,48.5,47.845
02/05/2020,48.31,20141770,47.9,48.4,47.78
02/04/2020,47.26,14973290,47.7,47.84,47.25
02/03/2020,47.12,15471990,47.24,47.72,47.03
01/31/2020,46.94,23080450,47.42,47.45,46.75
01/30/2020,47.91,14760210,47.17,47.95,47.04
01/29/2020,47.27,16189560,47.42,47.895,47.26
01/28/2020,47.37,16673310,47.51,47.79,47.28
01/27/2020,47.1,18156170,46.89,47.415,46.74
01/24/2020,47.57,21239600,48.19,48.21,47.18
01/23/2020,48.22,17297940,48.39,48.45,47.98
01/22/2020,48.56,20367680,49.03,49.09,48.29
01/21/2020,48.94,30858270,49.09,49.88,48.8
01/17/2020,49.18,29669230,49.37,49.42,48.53
01/16/2020,49.25,37020210,48.46,49.32,47.84
01/15/2020,48.32,47147980,48.83,48.84,47.98
01/14/2020,49.3,56678420,50.23,50.74,49.25
01/13/2020,52.11,25207430,52.5,52.5,51.83
01/10/2020,52.5,13778540,52.79,52.9,52.48
01/09/2020,52.73,20818100,53.2,53.2,52.48
01/08/2020,52.82,16587620,52.84,53.33,52.795
01/07/2020,52.66,13285120,53.05,53.05,52.47
01/06/2020,53.1,13200660,52.74,53.2,52.72
01/03/2020,53.42,15609670,53.11,53.615,52.9
01/02/2020,53.75,16806060,53.85,54.035,53.51
12/31/2019,53.8,12566100,53.53,53.82,53.46
12/30/2019,53.6,10900540,54.17,54.26,53.5
12/27/2019,53.92,9892762,54.29,54.32,53.865
12/26/2019,54.15,12517140,54.05,54.39,53.95
12/24/2019,53.82,4635459,53.95,54.04,53.735
12/23/2019,53.81,17638360,53.34,54,53.25
12/20/2019,53.33,66323250,54.05,54.05,53.07
12/19/2019,53.63,18133500,53.74,53.83,53.42
12/18/2019,53.67,18868270,54.46,54.46,53.63
12/17/2019,54.34,16723360,54.11,54.51,53.99
12/16/2019,54.22,19793890,54.24,54.56,54.215
12/13/2019,53.79,19179790,54.05,54.42,53.43
12/12/2019,54.36,19121950,53.37,54.55,53.1
12/11/2019,53.17,16834480,53.74,53.98,53.07
12/10/2019,53.69,15959630,53.49,53.87,53.3801
12/09/2019,53.92,15107450,54.17,54.545,53.91
12/06/2019,54.37,18325940,53.86,54.41,53.69
12/05/2019,53.23,13499710,53.41,53.531,53.1
12/04/2019,53.24,18868400,52.6,53.48,52.535
12/03/2019,52.58,25760220,53.01,53.05,52.165
12/02/2019,53.62,20253310,54.31,54.44,53.55
11/29/2019,54.46,10508630,54.07,54.75,54.07
11/27/2019,54.34,16355410,54.15,54.395,54.01
11/26/2019,53.81,18081020,54.11,54.12,53.73
11/25/2019,54.21,15560980,54.53,54.53,54.04
11/22/2019,54.28,13823400,53.9,54.35,53.805
11/21/2019,53.56,16186130,53.84,53.93,53.34
11/20/2019,53.54,14994770,53.73,53.86,53.25
11/19/2019,54.03,14436530,54.1,54.329,53.87
11/18/2019,54,14374870,53.84,54.11,53.65
11/15/2019,53.8,15225620,53.78,53.94,53.43
11/14/2019,53.49,16498150,53.22,53.56,53.1
11/13/2019,53.29,16937720,53.81,53.8969,53.21
11/12/2019,54.22,15187630,53.75,54.24,53.62
11/11/2019,54.05,10659940,53.79,54.14,53.73
11/08/2019,54.1,14722660,53.83,54.23,53.56
11/07/2019,54,23452470,53.78,54.4,53.78
11/06/2019,53.8,22051100,53.29,53.84,53.17
11/05/2019,53.3,25965270,52.74,53.5,52.74
11/04/2019,52.72,17559950,52.58,52.795,52.24
11/01/2019,52.18,16359350,52.13,52.285,51.91
10/31/2019,51.63,18814740,51.77,52.03,51.145
10/30/2019,52.03,16155860,51.88,52.275,51.62
10/29/2019,52.17,21063050,51.5,52.36,51.5
10/28/2019,51.65,23914850,51.94,52.045,51.565
10/25/2019,51.57,17433350,51.08,51.73,51
10/24/2019,51.1,17730620,50.66,51.2,50.66
10/23/2019,50.93,15154570,50.72,50.97,50.57
10/22/2019,50.62,19474220,50.44,51.02,50.23
10/21/2019,50.46,20379310,50.28,50.5,50.175
10/18/2019,49.97,21199750,49.34,50.22,49.32
10/17/2019,49.61,20588350,49.98,50.17,49.48
10/16/2019,49.59,23759910,50.04,50.28,49.45
10/15/2019,50.11,39507010,49.28,51.25,48.78
10/14/2019,49.27,17075910,49.09,49.45,48.98
10/11/2019,49.21,23092110,49.46,49.92,49.15
10/10/2019,48.65,18406980,48.33,49.07,48.16
10/09/2019,48.15,13535100,48.17,48.42,48.08
10/08/2019,47.82,19835260,48.25,48.35,47.54
10/07/2019,48.81,15738200,48.95,49.29,48.75
10/04/2019,49.21,15947790,48.66,49.25,48.53
10/03/2019,48.48,20635470,48.3,48.505,47.323
10/02/2019,48.47,24808550,48.72,49.04,48.37
10/01/2019,49.06,27403500,50.65,50.78,49
09/30/2019,50.44,28888390,50.77,50.85,50.055
09/27/2019,50.71,59468940,50.395,51.41,50.25
09/26/2019,48.87,20057080,49.25,49.37,48.82
09/25/2019,49.26,21405390,48.73,49.54,48.65
09/24/2019,48.65,21855450,48.98,49.22,48.47
09/23/2019,48.96,21331120,48.32,49.085,48.31
09/20/2019,48.63,30451100,49.07,49.3,48.605
09/19/2019,48.91,17052730,48.99,49.305,48.87
09/18/2019,48.93,20548850,48.63,49.21,48.43
09/17/2019,48.76,18463810,48.7,48.855,48.31
09/16/2019,48.98,17759680,48.46,49,48.4
09/13/2019,48.92,25142360,49.01,49.36,48.66
09/12/2019,48.65,24305940,48.52,49.075,48.22
09/11/2019,48.85,19189960,48.29,48.98,47.785
09/10/2019,48.31,25822480,48.07,48.925,48.07
09/09/2019,48.41,27651420,47.32,48.64,46.89
09/06/2019,47.15,18846340,47.58,47.77,47.1
09/05/2019,47.62,19244310,47.31,48.17,47.3
09/04/2019,46.5,17138110,46.54,46.7,46.28
09/03/2019,46.09,17224860,46.31,46.34,45.48
08/30/2019,46.57,15251820,46.54,46.895,46.41
08/29/2019,46.19,16196670,46,46.49,45.775
08/28/2019,45.47,14740420,44.64,45.775,44.49
08/27/2019,44.75,15038180,45.23,45.325,44.425
08/26/2019,44.98,15973250,44.71,45,44.49
08/23/2019,44.42,21153800,45.2,45.65,44.09
08/22/2019,45.62,14705020,45.33,45.825,45.06
08/21/2019,45,13517480,44.96,45.28,44.81
08/20/2019,44.68,13346100,45.04,45.04,44.625
08/19/2019,45.25,15378110,45.13,45.465,44.9333
08/16/2019,44.39,21196610,43.74,44.54,43.63
08/15/2019,43.38,27899990,44.3,44.5,43.34
08/14/2019,43.97,28786680,45.02,45.1,43.94
08/13/2019,45.96,16722760,45.61,46.415,45.26
08/12/2019,45.53,17365570,45.51,45.91,45.33
08/09/2019,46.3,19786110,46.02,46.66,45.75
08/08/2019,46.4,20671300,45.69,46.64,45.55
08/07/2019,45.81,27830030,46.07,46.15,45.23
08/06/2019,46.93,19446100,46.61,47.03,45.82
08/05/2019,46.14,27113500,46.5,46.8,45.85
08/02/2019,47.44,20158950,47.11,47.61,46.37
08/01/2019,47.06,22668600,48.41,48.635,46.95
07/31/2019,48.41,23422840,48.26,48.98,48.11
07/30/2019,48.55,14207050,48.01,48.59,47.89
07/29/2019,48.28,19148580,49.38,49.57,48.18
07/26/2019,49.3,21641760,48.15,49.31,48.07
07/25/2019,48.09,20562040,48.52,48.735,48.01
07/24/2019,48.45,29357160,47.3,48.47,47.28
07/23/2019,47.2,21150180,46.68,47.585,46.66
07/22/2019,46.48,17974070,45.89,46.55,45.765
07/19/2019,46.03,21848290,45.96,46.41,45.86
07/18/2019,45.82,19412550,45.22,46.02,45.19
07/17/2019,45.21,24502070,45.2,45.745,45.14
07/16/2019,45.3,37548250,46.72,46.97,45.22
07/15/2019,46.71,21338430,47.4,47.45,46.44
07/12/2019,47.36,12792580,47.12,47.42,46.92
07/11/2019,47.14,19751360,47.21,47.575,47.055
07/10/2019,47.15,12784890,47.67,47.81,47.04
07/09/2019,47.83,12595050,47.3,47.89,47.21
07/08/2019,47.53,13189260,47.4,47.985,47.31
07/05/2019,47.77,10801600,48.1,48.19,47.67
07/03/2019,47.66,10438420,47.3,47.79,46.98
07/02/2019,47.23,12107290,47.52,47.8,46.915
07/01/2019,47.69,15122090,47.88,48.12,47.4
06/28/2019,47.32,31030910,46.81,47.7,46.8
06/27/2019,46.29,13391600,46.22,46.5342,46.11
06/26/2019,45.8,17106750,46.21,46.275,45.78
06/25/2019,46.14,20813980,46.13,46.53,45.43
06/24/2019,46.27,21854440,46.55,46.69,46.23
06/21/2019,46.89,39186160,45.84,46.89,45.79
06/20/2019,45.86,19205210,45.85,45.99,45.235
06/19/2019,45.65,17787580,46.48,46.75,45.625
06/18/2019,46.1,18611120,45.25,46.39,45.06
06/17/2019,45.27,13420380,45.58,46.02,45.14
06/14/2019,45.59,16147540,45.31,45.79,44.84
06/13/2019,45.29,15629460,45.1,45.63,44.92
06/12/2019,44.91,22470400,46.01,46.27,44.78
06/11/2019,46.26,15078320,45.84,46.46,45.77
06/10/2019,46.27,15242690,46.06,46.81,46.06
06/07/2019,45.63,14980030,45.9,46.16,45.545
06/06/2019,45.92,16020500,45.74,46.19,45.45
06/05/2019,45.86,13705360,45.87,45.895,45.3
06/04/2019,45.68,21082050,45.16,45.76,45.01
06/03/2019,44.52,20172450,44.24,45.11,44.2
05/31/2019,44.37,17540550,44.53,44.86,44.22
05/30/2019,45.05,13775880,45.69,45.85,44.875
05/29/2019,45.48,16058800,45.39,45.675,45.1307
05/28/2019,45.59,19984800,46.07,46.25,45.57
05/24/2019,46.17,13425460,45.76,46.35,45.59
05/23/2019,45.56,17643680,45.83,45.86,45.065
05/22/2019,46.1,13155040,46.07,46.31,45.9585
05/21/2019,46.33,18416380,45.62,46.36,45.52
05/20/2019,45.45,18854330,45.62,45.91,45.3
05/17/2019,45.7,22273630,45.44,46.2323,45.41
05/16/2019,45.9,20764060,45.99,46.53,45.76
05/15/2019,45.84,20123350,46.02,46.35,45.49
05/14/2019,46.49,21267560,46.38,46.93,45.98
05/13/2019,46.33,23304710,46.28,46.99,46.26
05/10/2019,47.15,19983550,46.41,47.37,46.11
05/09/2019,46.74,23246870,46,46.83,45.78
05/08/2019,47,19814430,47.06,47.31,46.81
05/07/2019,47.17,23919140,48.05,48.16,46.91
05/06/2019,48.43,19279920,47.99,48.725,47.88
05/03/2019,48.65,16571510,48.519,48.77,48.35
05/02/2019,48.3,16883120,48.35,48.49,47.8535
05/01/2019,48.23,17542090,48.32,48.85,47.99
04/30/2019,48.41,18522910,48.35,48.56,48.11
04/29/2019,48.27,16399030,47.97,48.79,47.96
04/26/2019,47.96,13031760,47.52,47.98,47.4
04/25/2019,47.51,23036560,47.17,47.96,46.91
04/24/2019,47.48,17828460,47.06,47.69,47.03
04/23/2019,47.35,16413360,47.2,47.435,46.95
04/22/2019,47.26,15971250,47.41,47.5,47.1
04/18/2019,47.58,22415660,47.44,47.87,47.1201
04/17/2019,47.55,25137220,47.96,47.96,46.92
04/16/2019,47.65,25210350,46.88,47.87,46.87
04/15/2019,46.77,34931610,45.87,47.06,45.66
04/12/2019,46.49,70158610,47.75,48.82,46.06
04/11/2019,47.74,33612530,47.97,48.255,47.38
04/10/2019,47.79,30791800,48.08,48.19,47.395
04/09/2019,48.14,22900080,48.68,48.7,48.015
04/08/2019,48.88,18874670,48.64,49.1,48.58
04/05/2019,48.78,23723350,49.26,49.41,48.6
04/04/2019,49.17,19051480,48.95,49.68,48.88
04/03/2019,48.86,30363690,48.47,48.87,48.08
04/02/2019,48.21,35372730,48.57,48.88,47.96
04/01/2019,48.81,41586640,48.43,48.9,48.17
03/29/2019,48.32,53586890,49.8,49.8,47.8
03/28/2019,49.09,15718910,48.73,49.215,48.35
03/27/2019,48.77,13670220,48.94,49.19,48.4533
03/26/2019,49.01,16851640,48.52,49.04,48.41
03/25/2019,48.08,17225910,48.42,48.89,47.85
03/22/2019,48.31,27886070,49.25,49.47,48
03/21/2019,49.86,24130100,49.98,50.14,49.165
03/20/2019,50.4,20630780,51.19,51.57,50.33
03/19/2019,51.41,19845660,52.42,52.42,51.34
03/18/2019,51.73,23841730,50.84,52.07,50.83
03/15/2019,50.66,46117320,50.22,50.8,50
03/14/2019,50.35,20160680,50.07,50.79,49.93
03/13/2019,49.92,21637130,49.87,50.08,49.61
03/12/2019,49.65,18293420,49.78,50.045,49.54
03/11/2019,49.76,19469670,50,50.1,49.63
03/08/2019,49.8,17232280,49.26,49.9,49.1725
03/07/2019,49.68,19046450,49.71,49.85,49.29
03/06/2019,49.82,14207350,49.97,50.215,49.675
03/05/2019,49.89,13983550,50.03,50.05,49.325
03/04/2019,50.11,16681740,50.29,50.9,49.69
03/01/2019,50.03,18949550,50.23,50.84,49.87
02/28/2019,49.89,17768560,49.98,50.13,49.73
02/27/2019,49.9,17454230,49.59,50.03,49.36
02/26/2019,49.59,16704910,49.49,50.14,49.34
02/25/2019,49.66,16552920,49.26,50.23,49.25
02/22/2019,49.02,15848240,49.6,49.75,48.95
02/21/2019,49.56,16814950,49.76,49.89,49.3733
02/20/2019,49.81,16348390,49.43,49.88,49.3
02/19/2019,49.38,15121210,49.03,49.62,48.82
02/15/2019,49.22,19342940,49.09,49.42,48.49
02/14/2019,48.52,16453230,48.63,48.91,48.03
02/13/2019,49.02,13766080,49.24,49.71,48.89
02/12/2019,49.05,22032990,48.01,49.46,48.01
02/11/2019,47.65,15975500,47.87,47.96,47.38
02/08/2019,47.65,20641200,47.94,48.04,47.06
02/07/2019,48.08,24137050,49.09,49.3,47.71
02/06/2019,49.22,12145010,49.09,49.53,49.0675
02/05/2019,49.27,14784360,49.27,49.32,48.75
02/04/2019,49.06,17456920,48.85,49.15,48.71
02/01/2019,48.91,21120950,49,49.08,48.79
01/31/2019,48.91,24931630,49.28,49.415,48.66
01/30/2019,50.09,16876010,49.84,50.35,49.59
01/29/2019,49.85,11925570,49.78,50.11,49.72
01/28/2019,49.82,19804400,49.77,49.9,49.195
01/25/2019,50.13,20183350,50.4,50.54,49.96
01/24/2019,49.98,17858580,49.79,50.34,49.65
01/23/2019,50.12,16804070,50,50.32,49.495
01/22/2019,49.86,33972170,49.77,50.1,49.63
01/18/2019,50.01,35963490,49.1,50.155,48.86
01/17/2019,49.23,25724670,48.64,49.3632,48.4
01/16/2019,48.94,31971960,48.15,49.34,47.99
01/15/2019,47.67,27439750,47.6,48.25,47.01
01/14/2019,48.42,23813780,47.51,48.49,47.4
01/11/2019,47.87,19901180,47.5,48.09,47.18
01/10/2019,47.75,16206280,47.5,48.05,47.31
01/09/2019,47.8,18836610,47.51,47.98,47.08
01/08/2019,47.54,19171020,47.9,48.16,46.92
01/07/2019,47.64,21593620,47.78,48.23,47.54
01/04/2019,47.95,23327830,47.42,48.11,47.2
01/03/2019,46.57,22261640,46.65,47.345,46.37
01/02/2019,46.94,20246870,45.525,46.95,45.41
12/31/2018,46.08,16543800,45.98,46.48,45.57
12/28/2018,45.78,23634980,45.68,46.43,45.53
12/27/2018,45.53,26993510,44.72,45.53,43.85
12/26/2018,45.59,27709370,43.84,45.59,43.02
12/24/2018,43.6,18049860,44.47,45.1,43.6
12/21/2018,45.12,55577160,45.59,46.53,44.925
12/20/2018,46.04,43948780,45.4,46.77,45.33
12/19/2018,45.67,34280310,46.39,47.43,45.3
12/18/2018,46.52,26198210,46.94,47.515,46.32
12/17/2018,46.61,29322710,46.22,47.31,46.12
12/14/2018,46.54,25902280,46.55,47.49,46.3834
12/13/2018,47.03,34356390,47.97,48.12,46.93
12/12/2018,47.74,42818320,48.29,48.3,46.85
12/11/2018,47.76,32331020,49.41,49.585,47.545
12/10/2018,48.8,34480390,50.07,50.07,48.3
12/07/2018,50.26,28508790,50.89,51.445,50.05
12/06/2018,51.09,40282030,50.65,51.14,50.02
12/04/2018,51.78,33184000,53.95,53.99,51.51
12/03/2018,54.24,20990820,54.78,55.04,53.6
11/30/2018,54.28,18939020,54.08,54.55,53.87
11/29/2018,54.04,14951760,53.97,54.42,53.79
11/28/2018,54.35,23373190,53.15,54.36,52.58
11/27/2018,53.19,18044600,52.69,53.32,52.45
11/26/2018,52.88,20488120,52.33,53.18,52.33
11/23/2018,51.83,11139390,51.97,52.29,51.61
11/21/2018,52.43,16944530,52.62,53.2,52.27
11/20/2018,52.54,22999220,53.05,53.24,52.3636
11/19/2018,53.32,20213970,52.97,53.48,52.6
11/16/2018,52.94,18872540,52.65,53.175,52.48
11/15/2018,52.82,23071350,51.54,52.91,51.28
11/14/2018,52.15,24757060,53.14,53.285,51.49
11/13/2018,52.74,28100430,52.62,53.3258,52.615
11/12/2018,52.35,19001480,53.13,53.58,52.28
11/09/2018,53.04,18972190,53.085,53.39,52.73
11/08/2018,53.16,22429170,52.9,53.6,52.86
11/07/2018,53.58,20667490,53.82,54.18,52.79
11/06/2018,53.55,20694800,53.36,53.705,52.96
11/05/2018,53.66,18944430,53.73,54.3,51.16
11/02/2018,53.61,18285610,54.21,54.63,53.11
11/01/2018,53.56,17651630,53.43,53.96,53.15
10/31/2018,53.23,23655480,53.04,54.03,53.03
10/30/2018,52.69,24910900,52.45,52.9101,51.87
10/29/2018,52.23,30555160,51.88,53.15,51.59
10/26/2018,51.25,30039440,51.315,51.93,50.79
10/25/2018,51.86,29362970,50.53,52.61,50.42
10/24/2018,50.19,31151340,51.31,51.49,50.02
10/23/2018,51.56,25525490,50.84,51.95,50.4741
10/22/2018,51.65,17605420,53.07,53.17,51.56
10/19/2018,52.89,19497170,53.08,53.625,52.86
10/18/2018,53.1,22532540,54.17,54.4,52.755
10/17/2018,54.46,23524020,53.56,55.01,53.19
10/16/2018,53.73,28222820,53.31,53.79,52.53
10/15/2018,53.24,34118420,52.51,53.99,52.51
10/12/2018,52.11,32044350,52.1,53.33,50.87
10/11/2018,51.44,33116550,52.38,52.84,51.01
10/10/2018,52.43,21306980,53.7,54.07,52.41
10/09/2018,53.53,15916520,53.38,53.965,52.975
10/08/2018,53.67,12815470,52.98,53.96,52.98
10/05/2018,53.19,14782680,53.7,53.86,52.98
10/04/2018,53.51,21417370,52.73,53.855,52.73
10/03/2018,52.65,18444400,52.5,52.915,52.3301
10/02/2018,52.13,17502370,52.24,52.35,51.875
10/01/2018,52.25,17208900,52.74,52.795,52.16
09/28/2018,52.56,18590640,52.69,52.98,52.41
09/27/2018,52.82,19988730,53.28,53.6,52.76
09/26/2018,53.16,22020200,54.38,54.45,53.02
09/25/2018,54.23,15201820,54.3,54.69,54.195
09/24/2018,54.26,19600100,54.8,55.16,54.24
09/21/2018,54.99,35772330,55.75,55.81,54.92
09/20/2018,55.55,20307770,55.63,55.81,54.99
09/19/2018,55.22,17042050,54.49,55.45,54.28
09/18/2018,54.5,21844120,54.25,54.695,54.04
09/17/2018,54.31,21957340,54.75,54.76,53.94
09/14/2018,54.73,20857520,55.19,55.555,54.6975
09/13/2018,55,26877080,56.01,56.25,54.99
09/12/2018,55.94,23775400,57.33,57.39,55.8
09/11/2018,57.38,22154550,57.4,57.56,57.32
09/10/2018,57.46,15605370,57.62,57.84,57.31
09/07/2018,57.4,21479690,57.92,58.07,57.35
09/06/2018,57.93,20744370,58.91,59.16,57.93
09/05/2018,58.95,22332270,58.88,59.195,58.81
09/04/2018,58.8,19003710,58.45,58.945,58.07
08/31/2018,58.48,16720180,58.27,58.54,58.07
08/30/2018,58.46,14800900,58.67,59.075,58.43
08/29/2018,58.96,14436560,59.05,59.18,58.82
08/28/2018,59.07,19330230,59.19,59.33,58.99
08/27/2018,59.1,19915140,58.87,59.48,58.76
08/24/2018,58.69,14366640,58.9,58.92,58.67
08/23/2018,58.62,19655610,59,59.05,58.57
08/22/2018,59.17,20829650,59.04,59.5,58.83
08/21/2018,58.96,17941300,59,59.525,58.94
08/20/2018,59.03,11391550,58.81,59.21,58.665
08/17/2018,58.86,13737560,58.51,59.035,58.51
08/16/2018,58.66,19987030,58.14,58.81,58.05
08/15/2018,57.99,17377770,57.68,58.245,57.65
08/14/2018,58.07,14857380,57.67,58.26,57.67
08/13/2018,57.61,19540610,57.66,58.11,57.56
08/10/2018,58.05,16165330,57.38,58.42,57.38
08/09/2018,58.44,15858920,58.65,58.898,58.4
08/08/2018,59.19,13778600,58.76,59.5,58.76
08/07/2018,58.82,13810750,58.94,59.155,58.7
08/06/2018,58.89,13359800,58.58,59.03,58.193
08/03/2018,58.83,13720360,58.06,58.93,58.03
08/02/2018,58.29,13482230,57.08,58.445,57.08
08/01/2018,57.65,19191880,57.96,58.28,57.21
07/31/2018,57.29,21633780,58.61,58.71,57.2
07/30/2018,58.49,22594640,58.83,59.265,58.3
07/27/2018,58.63,17659320,58.38,58.9,58.16
07/26/2018,58.31,14164800,58.47,58.73,58.195
07/25/2018,58.23,15522910,58.1,58.5,57.85
07/24/2018,58.35,27243740,58,58.69,57.85
07/23/2018,58,24569300,56.39,58.09,56.3
07/20/2018,56.41,17245640,56.07,56.655,55.85
07/19/2018,56.33,22209810,56.26,56.88,56.02
07/18/2018,56.57,19895800,56.26,56.82,56.14
07/17/2018,56.56,21632490,56.95,57.03,56.43
07/16/2018,56.99,25525380,55.74,57.23,55.631
07/13/2018,55.36,34323220,54.74,55.79,53.63
07/12/2018,56.03,18214290,56.46,56.48,55.6
07/11/2018,56.07,15613880,56.4,56.75,55.98
07/10/2018,56.62,15542480,57.06,57.08,56.34
07/09/2018,56.77,16667160,56.19,56.965,56.01
07/06/2018,55.89,12388970,55.3,56.1299,55.03
07/05/2018,55.24,16757940,55.92,56.08,55.05
07/03/2018,55.56,12830440,56.43,56.63,55.43
07/02/2018,56.32,20985400,55.2,56.38,55.07
06/29/2018,55.44,43870710,55.62,57.12,55.41
06/28/2018,53.63,13791410,53.55,53.86,53.015
06/27/2018,53.28,19516280,53.24,53.9363,53.06
06/26/2018,53.43,14345420,53.9,53.94,53.02
06/25/2018,53.96,21055020,53.78,54.14,53.1
06/22/2018,53.94,24460920,54.96,55.045,53.78
06/21/2018,54.37,21166520,54.25,54.76,53.88
06/20/2018,54.48,16544050,55.46,55.59,54.44
06/19/2018,55.08,16629590,54.68,55.23,54.6
06/18/2018,55.08,17798030,54.51,55.23,54.43
06/15/2018,54.98,35709410,54.55,55.37,54.38
06/14/2018,54.74,18176940,55.33,55.35,54.48
06/13/2018,55.16,14873030,55.39,55.925,55.14
06/12/2018,55.38,13593960,55.64,55.95,55.09
06/11/2018,55.51,13509910,55.79,56.11,55.5
06/08/2018,55.68,12961050,55.56,55.77,54.98
06/07/2018,55.63,17299050,55.77,55.99,55.25
06/06/2018,55.58,15836010,54.72,55.63,54.66
06/05/2018,54.5,11882830,54.61,54.93,54.29
06/04/2018,54.83,10582870,54.79,55.17,54.6
06/01/2018,54.69,14100040,54.56,55.02,54.275
05/31/2018,53.99,17510950,54.21,54.38,53.795
05/30/2018,54.23,16372920,53.66,54.4392,53.38
05/29/2018,52.95,31591750,54.04,54.26,52.64
05/25/2018,54.9,17741830,54.6,54.99,54.53
05/24/2018,54.67,24659710,55.87,55.9,54.435
05/23/2018,56.18,23548770,55.03,56.18,54.625
05/22/2018,55.26,17393840,54.63,55.6456,54.44
05/21/2018,54.54,11474320,54.08,54.63,54.07
05/18/2018,53.7,21472290,54.15,54.42,53.685
05/17/2018,54.22,21602040,54.4,54.67,54.03
05/16/2018,55.04,16434140,54.7,55.32,54.56
05/15/2018,54.75,14982310,54.43,55.28,54.375
05/14/2018,54.48,12808450,54.78,54.82,54.33
05/11/2018,54.45,14422870,54.69,54.925,54.265
05/10/2018,54.65,20694460,54.13,54.73,53.63
05/09/2018,53.76,16263430,53.45,53.975,53.35
05/08/2018,53.19,20779930,52.72,53.71,52.63
05/07/2018,52.66,16267110,52.97,52.99,52.38
05/04/2018,52.41,16655250,51.17,52.9,51.07
05/03/2018,51.54,19215690,51.62,51.79,50.81
05/02/2018,52.19,16390890,52.38,52.87,52.06
05/01/2018,52.56,13902480,51.76,52.6,51.6
04/30/2018,51.96,17044350,52.56,53.05,51.96
04/27/2018,52.36,12303900,52.28,52.94,52.205
04/26/2018,52.44,17002610,52.99,53.11,52.255
04/25/2018,53.11,20977360,52.44,53.49,51.925
04/24/2018,52.51,23047740,52.95,53.745,52.18
04/23/2018,52.61,17715020,52.55,52.84,52.175
04/20/2018,52.56,31129250,51.93,52.82,51.82
04/19/2018,51.54,23566200,50.51,51.61,50.49
04/18/2018,50.39,21046320,50.78,50.97,50.26
04/17/2018,50.57,25494830,50.95,51.16,50.49
04/16/2018,50.8,31868460,50.59,51.335,50.31
04/13/2018,50.89,32037910,52.01,52.3,50.81
04/12/2018,52.7,19917670,52.16,53.27,52.03
04/11/2018,51.93,14654170,52.32,52.47,51.72
04/10/2018,52.62,14656290,52.99,53.06,52.12
04/09/2018,52.25,16955440,52.5,53.33,52.16
04/06/2018,52.23,22914380,52.65,52.92,51.9607
04/05/2018,53.26,16474920,53.34,53.96,53.05
04/04/2018,52.91,15909490,51.13,53.04,51.01
04/03/2018,52.08,16636550,51.72,52.19,51.055
04/02/2018,51.35,23334010,52.37,52.4,50.415
03/29/2018,52.41,17706270,52.06,52.7515,51.72
03/28/2018,51.48,23340920,51.16,51.93,50.945
03/27/2018,51.1,22271650,52.4,52.8,50.69
03/26/2018,52.29,26388710,51.95,52.55,51.52
03/23/2018,50.98,30917940,52.72,52.94,50.94
03/22/2018,52.53,31849670,54.21,54.28,52.175
03/21/2018,54.79,17737650,55.02,55.58,54.54
03/20/2018,54.9,26872750,55.77,55.89,54.655
03/19/2018,55.48,17676920,55.88,55.99,54.97
03/16/2018,55.9,37086090,56.99,57.17,55.87
03/15/2018,56.83,11858390,56.77,57.12,56.24
03/14/2018,56.63,12206020,57.86,57.9,56.45
03/13/2018,57.56,13806620,58.39,58.42,57.42
03/12/2018,58.02,12409700,58.27,58.56,57.96
03/09/2018,58.23,18102500,57.16,58.27,57
03/08/2018,56.72,16486450,56.75,57.02,56.23
03/07/2018,56.6,24776070,56.4,56.735,56.01
03/06/2018,57.07,23946510,57.71,57.87,56.64
03/05/2018,57.59,20079360,56.81,57.97,56.59
03/02/2018,57.41,22325810,56.92,57.615,56.42
03/01/2018,57.31,28483120,58.25,58.94,57.06
02/28/2018,58.41,17861040,59.47,59.82,58.32
02/27/2018,59.21,16938220,60.03,60.48,59.21
02/26/2018,59.97,16476940,59.75,60,58.95
02/23/2018,59.17,21098790,59.07,59.24,58.35
02/22/2018,58.81,17947550,59.88,60.17,58.68
02/21/2018,59.73,19970730,59.86,60.49,59.73
02/20/2018,59.95,18517210,59.86,61.2651,59.78
02/16/2018,59.95,18372530,59.67,60.43,59.67
02/15/2018,60.02,22386580,59.82,60.1,59.15
02/14/2018,59.55,23678700,57.85,59.6,57.8
02/13/2018,58,24217870,56.06,58.09,55.95
02/12/2018,56.5,24387310,56.36,57.12,55.88
02/09/2018,56.13,48832470,56.14,56.54,54.72
02/08/2018,55.4,43562880,57.33,57.44,55.35
02/07/2018,57.54,45486040,56.94,58.115,56.75
02/06/2018,57.28,83041550,56.905,58.5,55.87
02/05/2018,58.16,103128800,58.7,59.89,57.5
02/02/2018,64.07,18649560,65.33,65.5254,63.83
02/01/2018,65.51,15711330,65.37,66.09,65.06
01/31/2018,65.78,18140280,65.27,66.1,65.16
01/30/2018,65.28,16122270,65.43,65.93,65.28
01/29/2018,65.82,16102220,65.78,66.31,65.66
01/26/2018,65.93,16251590,65.89,66.04,65.25
01/25/2018,65.65,17561320,65.7,65.85,65.4
01/24/2018,65.48,20125720,64.95,65.63,64.8
01/23/2018,64.49,12928180,64.31,64.85,64.2249
01/22/2018,64.73,12240720,64,64.75,63.97
01/19/2018,64.22,16518310,64.15,64.2601,63.83
01/18/2018,63.95,16289980,63.87,64.31,63.86
01/17/2018,63.88,23804130,62.85,64.04,62.49
01/16/2018,62.5,17430420,62.79,63.15,62.175
01/12/2018,62.55,25877190,63.2,63.4,62.05
01/11/2018,63.01,19163310,63.65,63.669,62.69
01/10/2018,63.12,18098470,62.48,63.4,62.36
01/09/2018,62.26,15724010,62.3,62.77,62.07
01/08/2018,62.04,15548860,62.66,62.73,61.94
01/05/2018,62.75,14215540,62.76,62.81,62.085
01/04/2018,62.33,18519550,61.98,63.05,61.91
01/03/2018,61.56,14187810,61.22,61.77,61.1
01/02/2018,61.09,13817780,61.04,61.355,60.7
12/29/2017,60.67,10709020,61.46,61.58,60.67
12/28/2017,61.3,10550350,61.03,61.31,60.91
12/27/2017,60.95,10004100,61.1,61.24,60.66
12/26/2017,61.13,11662350,61.495,61.72,60.8
12/22/2017,61.55,11640180,62,62.24,61.19
12/21/2017,61.61,22115940,60.68,62.115,60.68
12/20/2017,60.14,16258590,60.88,61.07,60.06
12/19/2017,60.36,17060130,61.2,61.27,60.28
12/18/2017,60.92,19484140,60.44,61.13,60.37
12/15/2017,59.87,36454750,59.45,60.65,59.35
12/14/2017,59.22,14681870,59.55,59.99,59.21
12/13/2017,59.4,17331730,60.31,60.5,59.38
12/12/2017,60.33,24447030,58.71,60.56,58.71
12/11/2017,58.87,15867700,59.27,59.3,58.62
12/08/2017,59.31,22015840,59.71,59.92,59.145
12/07/2017,59.36,32988560,58.45,60,58.29
12/06/2017,58.57,26754120,58.56,59.1,58.12
12/05/2017,58.55,39743900,57.65,59.41,57.4438
12/04/2017,57.39,28708900,57.27,57.99,57.2
12/01/2017,56.2,31144690,56.57,57.18,55.44
11/30/2017,56.47,30980920,57.03,57.33,56.375
11/29/2017,56.68,29510720,55.84,57.25,55.7
11/28/2017,55.57,25506950,53.87,55.89,53.72
11/27/2017,53.95,11056190,54.02,54.46,53.86
11/24/2017,54.09,5386489,54.19,54.3088,54
11/22/2017,54.06,11421660,54.46,54.62,54.025
11/21/2017,54.52,13732690,54.08,54.579,53.99
11/20/2017,54.05,16935790,54.12,54.21,53.85
11/17/2017,54.15,15708830,54.21,54.46,53.97
11/16/2017,54.6,26217110,53.95,54.86,53.86
11/15/2017,53.75,18228190,53.63,54.115,53.485
11/14/2017,54.04,20828860,53.52,54.1,53.32
11/13/2017,53.72,13430270,53.52,53.91,53.41
11/10/2017,53.81,13656980,54.02,54.13,53.791
11/09/2017,54,24431420,53.9,54.19,53.21
11/08/2017,54.26,23864700,54.8,54.99,54.05
11/07/2017,55.05,18182270,56.17,56.29,54.67
11/06/2017,56.18,10379060,56.1,56.43,56
11/03/2017,56.35,10049170,56.25,56.44,55.901
11/02/2017,56.48,15611310,55.8,56.52,55.35
11/01/2017,56.21,11663150,56.32,56.84,56.19
10/31/2017,56.14,14611610,55.95,56.52,55.9
10/30/2017,55.85,12241500,55.45,55.96,55.31
10/27/2017,55.87,17250300,55.23,56.04,55.13
10/26/2017,55.62,15978630,55.45,56.17,55.45
10/25/2017,55.25,17095580,55.49,55.58,54.87
10/24/2017,55.42,18679960,55,55.56,55
10/23/2017,54.91,18102000,54.75,55.0401,54.7
10/20/2017,54.92,27940450,54.21,55.07,54.04
10/19/2017,53.75,12485300,53.11,53.93,53
10/18/2017,53.41,21580490,53.41,54.07,53.32
10/17/2017,53.19,18613670,53.98,53.9999,53.12
10/16/2017,53.8,22791940,53.65,53.97,53.42
10/13/2017,53.69,35298980,53.49,53.71,52.84
10/12/2017,55.21,15100880,55.69,55.71,55.06
10/11/2017,55.66,12834030,55.44,55.71,55.26
10/10/2017,55.61,12800310,55.37,55.72,55.15
10/09/2017,55.14,11377040,55.62,55.7,54.92
10/06/2017,55.58,11058950,55.48,55.68,55.22
10/05/2017,55.39,14560480,55,55.77,54.78
10/04/2017,54.96,14697100,55.31,55.35,54.895
10/03/2017,55.58,17389090,55.33,55.62,54.85
10/02/2017,55.47,11494150,55.16,55.47,54.855
09/29/2017,55.15,20645110,54.25,55.23,54.09
09/28/2017,54.25,14531560,54.29,54.33,53.74
09/27/2017,54.21,15795580,54.47,54.53,54.055
09/26/2017,53.8,11913010,54.1,54.28,53.76
09/25/2017,54.03,11594610,54.07,54.325,53.55
09/22/2017,54.25,17812920,53.92,54.36,53.75
09/21/2017,54.06,16130290,53.55,54.24,53.52
09/20/2017,53.75,21557280,53.39,54.1139,53.28
09/19/2017,53.36,17028510,52.72,53.59,52.53
09/18/2017,52.71,20704810,51.67,52.84,51.61
09/15/2017,51.66,28467120,51.28,51.68,51.25
09/14/2017,51.29,13720400,51.54,51.72,51.08
09/13/2017,51.46,12598430,51.39,51.51,51.18
09/12/2017,51.57,17130770,50.85,51.73,50.84
09/11/2017,50.66,17952870,50,50.8,49.94
09/08/2017,49.58,18958530,49.61,49.98,49.43
09/07/2017,49.68,23364840,49.94,49.94,49.27
09/06/2017,49.88,26737530,50.25,50.27,49.56
09/05/2017,50.1,31241290,50.63,50.67,49.76
09/01/2017,50.97,16216220,51.06,51.49,50.93
08/31/2017,51.07,25205490,51,51.24,50.87
08/30/2017,51.36,11310570,51.46,51.74,51.2
08/29/2017,51.42,10696200,51.21,51.5,51.13
08/28/2017,51.63,12396230,51.95,52.02,51.42
08/25/2017,51.77,15290150,52.27,52.57,51.76
08/24/2017,52.16,12335280,52.19,52.5288,52.035
08/23/2017,52.03,10002870,51.83,52.48,51.8
08/22/2017,52.22,12970420,51.95,52.27,51.92
08/21/2017,51.82,12645370,51.74,51.91,51.4
08/18/2017,51.68,17016420,51.63,52.14,51.38
08/17/2017,51.8,16473350,52.47,52.6335,51.79
08/16/2017,52.69,11215940,53.01,53.21,52.46
08/15/2017,52.85,11012330,53.2,53.3582,52.83
08/14/2017,52.84,16311530,52.37,53.09,52.34
08/11/2017,51.94,14693730,51.83,52.21,51.74
08/10/2017,51.95,18088830,52.39,52.72,51.9201
08/09/2017,52.79,14530800,52.28,52.81,52.14
08/08/2017,52.71,24865640,52.32,53.3,52.22
08/07/2017,52.54,22664340,52.73,52.95,52.43
08/04/2017,52.84,44653870,53.67,53.7,51.91
08/03/2017,53.4,19372900,53.5,53.66,53.34
08/02/2017,53.62,19409090,53.54,53.96,53.45
08/01/2017,54.08,19313910,54.23,54.39,53.85
07/31/2017,53.94,20376360,53.42,54.22,53.4
07/28/2017,53.3,32588640,54.3,54.57,53.18
07/27/2017,54.71,17352500,54.86,54.96,54.39
07/26/2017,54.91,19672160,55.32,55.33,54.81
07/25/2017,55.06,21320730,55,55.405,54.91
07/24/2017,54.27,18489460,54.1,54.41,54.04
07/21/2017,54.17,17377080,54.43,54.62,54.1
07/20/2017,54.88,15098340,54.96,55.31,54.68
07/19/2017,54.94,12342140,54.8,55.21,54.69
07/18/2017,54.8,13591200,54.31,54.92,54.23
07/17/2017,54.71,14927030,54.9,54.98,54.44
07/14/2017,54.99,17932610,54.31,55.2,54.12
07/13/2017,55.6,14190880,55.26,55.67,55.06
07/12/2017,55.17,11949870,54.93,55.24,54.6
07/11/2017,55.04,14715540,55.66,55.7135,54.82
07/10/2017,55.59,10890160,55.53,55.81,55.34
07/07/2017,55.74,11102120,55.78,55.829,55.245
07/06/2017,55.56,14481060,55.98,56.32,55.5
07/05/2017,55.78,14081360,55.97,56.02,55.34
07/03/2017,55.78,11825310,55.81,56.45,55.71
06/30/2017,55.41,16719440,56.03,56.05,55.16
06/29/2017,55.78,32536970,55.65,56.6,55.21
06/28/2017,54.33,20908360,53.61,54.42,53.52
06/27/2017,53.16,13496310,53.02,53.655,52.905
06/26/2017,52.9,12532540,52.73,53.43,52.59
06/23/2017,52.45,21854280,52.7,52.825,52.32
06/22/2017,52.49,15361970,52.8,52.89,52.22
06/21/2017,52.98,12653650,53.47,53.48,52.8
06/20/2017,53.46,13610680,54.06,54.095,53.425
06/19/2017,54.24,15365870,54.31,54.64,54.12
06/16/2017,53.89,23473990,53.93,54.24,53.65
06/15/2017,53.9,17227190,54.04,54.45,53.81
06/14/2017,54.53,16572900,54.09,54.64,53.57
06/13/2017,54.45,17906480,54.35,54.69,54.28
06/12/2017,54.09,22770480,53.98,54.585,53.94
06/09/2017,53.8,25722030,52.86,53.95,52.8
06/08/2017,52.56,22553300,52,53.03,51.88
06/07/2017,52.09,17006850,51.84,52.31,51.7
06/06/2017,51.81,14869520,51.32,52.03,51.24
06/05/2017,51.72,13648980,51.71,52.18,51.665
06/02/2017,51.81,19465960,51.67,52.24,51.53
06/01/2017,52.08,20979930,51.53,52.21,51.06
05/31/2017,51.14,30533910,52.23,52.25,50.83
05/30/2017,52.16,19378130,52.16,52.5,51.9
05/26/2017,52.41,14247620,52.63,52.81,52.37
05/25/2017,52.78,16643040,53.25,53.25,52.57
05/24/2017,53.09,11356040,53.49,53.61,52.8024
05/23/2017,53.39,11751620,53.01,53.5599,52.85
05/22/2017,53.01,13931630,53.27,53.32,52.5
05/19/2017,53.06,16841050,52.57,53.34,52.39
05/18/2017,52.38,19777710,52.31,52.96,51.95
05/17/2017,52.24,33170780,52.04,52.65,51.65
05/16/2017,53.26,12648850,53.4,53.44,52.95
05/15/2017,53.32,15172230,53.06,53.415,53.02
05/12/2017,53.02,29600780,53.3,53.32,52.54
05/11/2017,53.74,32176460,54.28,54.42,53.06
05/10/2017,54.72,15880550,54.43,54.91,54.36
05/09/2017,54.68,14373860,55.14,55.37,54.45
05/08/2017,55.04,14242810,55.12,55.29,54.75
05/05/2017,55.11,13062910,55.25,55.385,54.88
05/04/2017,55.18,17047410,55.27,55.6,54.87
05/03/2017,54.85,15721440,54.01,54.89,53.95
05/02/2017,54.54,15289930,54.46,54.61,54.06
05/01/2017,54.46,13877090,54.1,54.75,53.97
04/28/2017,53.84,16499430,54.33,54.58,53.73
04/27/2017,54.44,13961180,54.54,54.65,53.91
04/26/2017,54.54,15855900,54.6,55.07,54.36
04/25/2017,54.56,27055910,54.33,55.087,54.29
04/24/2017,53.65,23803690,54.15,54.34,53.59
04/21/2017,53,26168480,53.39,53.84,52.95
04/20/2017,53.5,31532600,52.72,53.59,52.43
04/19/2017,52.15,17414100,52.88,53.14,52.05
04/18/2017,52.45,22255490,52.36,52.665,52.09
04/17/2017,52.72,31905560,51.64,52.76,51.255
04/13/2017,51.35,47966170,51.8,52.75,51.35
04/12/2017,53.12,25580070,53.95,54.02,53.05
04/11/2017,54.16,28086150,54.23,54.26,53.265
04/10/2017,54.54,14607160,54.99,55.2499,54.32
04/07/2017,54.84,15848580,54.94,55.31,54.61
04/06/2017,55.37,10370610,54.95,55.65,54.705
04/05/2017,54.98,17383230,55.79,56.2,54.93
04/04/2017,55.2,11925140,55.3,55.33,54.98
04/03/2017,55.49,14530940,55.7,55.82,54.79
03/31/2017,55.66,11857150,56.02,56.175,55.62
03/30/2017,56.24,12094520,55.68,56.43,55.61
03/29/2017,55.67,10328470,55.94,56.09,55.55
03/28/2017,55.96,14870950,55.35,56.25,55.24
03/27/2017,55.39,16837320,54.63,55.58,54.24
